{"tissue_hires_scalef": 0.17211704, "tissue_lowres_scalef": 0.051635113, "fiducial_diameter_fullres": 144.5324756763484, "spot_diameter_fullres": 89.4724849425014}