{"tissue_hires_scalef": 0.17211704, "tissue_lowres_scalef": 0.051635113, "fiducial_diameter_fullres": 144.53166991665, "spot_diameter_fullres": 89.47198613887856}